{
  "results": [
    {
      "configuration": "2_agents_0_history",
      "agent_count": 2,
      "history_size": 0,
      "iterations": 5,
      "total_mean": 938.4821981890127,
      "total_median": 801.9679900025949,
      "total_p95": 1657.5483710039407,
      "total_min": 620.7114539574832,
      "total_max": 1657.5483710039407,
      "history_format_mean": 0.0013621756806969643,
      "llm_call_mean": 938.250377564691,
      "parse_decision_mean": 0.12725642882287502,
      "success_rate": 1.0,
      "simple_router_rate": 0.0,
      "llm_router_rate": 1.0,
      "meets_total_target": false,
      "meets_llm_target": false,
      "meets_history_target": true
    },
    {
      "configuration": "2_agents_10_history",
      "agent_count": 2,
      "history_size": 10,
      "iterations": 5,
      "total_mean": 859.1918324120343,
      "total_median": 710.8299139654264,
      "total_p95": 1456.793487071991,
      "total_min": 641.5579010499641,
      "total_max": 1456.793487071991,
      "history_format_mean": 0.446240627206862,
      "llm_call_mean": 858.5067738313228,
      "parse_decision_mean": 0.15098657459020615,
      "success_rate": 1.0,
      "simple_router_rate": 0.0,
      "llm_router_rate": 1.0,
      "meets_total_target": false,
      "meets_llm_target": false,
      "meets_history_target": true
    },
    {
      "configuration": "4_agents_0_history",
      "agent_count": 4,
      "history_size": 0,
      "iterations": 5,
      "total_mean": 724.9219950288534,
      "total_median": 648.3191800070927,
      "total_p95": 975.3469270654023,
      "total_min": 530.8468750445172,
      "total_max": 975.3469270654023,
      "history_format_mean": 0.0015588011592626572,
      "llm_call_mean": 724.7301606461406,
      "parse_decision_mean": 0.10985461995005608,
      "success_rate": 1.0,
      "simple_router_rate": 0.0,
      "llm_router_rate": 1.0,
      "meets_total_target": false,
      "meets_llm_target": false,
      "meets_history_target": true
    },
    {
      "configuration": "4_agents_10_history",
      "agent_count": 4,
      "history_size": 10,
      "iterations": 5,
      "total_mean": 717.948083835654,
      "total_median": 763.1172750843689,
      "total_p95": 849.4052430614829,
      "total_min": 510.2035290328786,
      "total_max": 849.4052430614829,
      "history_format_mean": 0.2633065916597843,
      "llm_call_mean": 717.397523811087,
      "parse_decision_mean": 0.19530858844518661,
      "success_rate": 1.0,
      "simple_router_rate": 0.0,
      "llm_router_rate": 1.0,
      "meets_total_target": false,
      "meets_llm_target": false,
      "meets_history_target": true
    }
  ],
  "raw_metrics": [
    {
      "total_time_ms": 1657.5483710039407,
      "simple_router_time_ms": 0.23396499454975128,
      "history_format_time_ms": 0.0015739351511001587,
      "llm_call_time_ms": 1657.11981698405,
      "parse_decision_time_ms": 0.18964800983667374,
      "agent_count": 2,
      "history_size": 0,
      "selected_agent": "code_executor",
      "router_type": "llm"
    },
    {
      "total_time_ms": 763.6379459872842,
      "simple_router_time_ms": 0.05091808270663023,
      "history_format_time_ms": 0.0010030344128608704,
      "llm_call_time_ms": 763.4703509975225,
      "parse_decision_time_ms": 0.11249410454183817,
      "agent_count": 2,
      "history_size": 0,
      "selected_agent": "code_executor",
      "router_type": "llm"
    },
    {
      "total_time_ms": 848.5452299937606,
      "simple_router_time_ms": 0.07510790601372719,
      "history_format_time_ms": 0.001258915290236473,
      "llm_call_time_ms": 848.3928549103439,
      "parse_decision_time_ms": 0.07348007056862116,
      "agent_count": 2,
      "history_size": 0,
      "selected_agent": "researcher",
      "router_type": "llm"
    },
    {
      "total_time_ms": 620.7114539574832,
      "simple_router_time_ms": 0.0513959676027298,
      "history_format_time_ms": 0.0009479699656367302,
      "llm_call_time_ms": 620.5255199456587,
      "parse_decision_time_ms": 0.13085792306810617,
      "agent_count": 2,
      "history_size": 0,
      "selected_agent": "code_executor",
      "router_type": "llm"
    },
    {
      "total_time_ms": 801.9679900025949,
      "simple_router_time_ms": 0.08955108933150768,
      "history_format_time_ms": 0.002027023583650589,
      "llm_call_time_ms": 801.74334498588,
      "parse_decision_time_ms": 0.12980203609913588,
      "agent_count": 2,
      "history_size": 0,
      "selected_agent": "researcher",
      "router_type": "llm"
    },
    {
      "total_time_ms": 641.5579010499641,
      "simple_router_time_ms": 0.06317405495792627,
      "history_format_time_ms": 1.3227560557425022,
      "llm_call_time_ms": 640.0645199464634,
      "parse_decision_time_ms": 0.10370602831244469,
      "agent_count": 2,
      "history_size": 10,
      "selected_agent": "code_executor",
      "router_type": "llm"
    },
    {
      "total_time_ms": 816.5000840090215,
      "simple_router_time_ms": 0.057818018831312656,
      "history_format_time_ms": 0.16258400864899158,
      "llm_call_time_ms": 816.1741080693901,
      "parse_decision_time_ms": 0.10252895299345255,
      "agent_count": 2,
      "history_size": 10,
      "selected_agent": "researcher",
      "router_type": "llm"
    },
    {
      "total_time_ms": 1456.793487071991,
      "simple_router_time_ms": 0.06983603816479445,
      "history_format_time_ms": 0.16965402755886316,
      "llm_call_time_ms": 1456.313619040884,
      "parse_decision_time_ms": 0.23734697606414557,
      "agent_count": 2,
      "history_size": 10,
      "selected_agent": "researcher",
      "router_type": "llm"
    },
    {
      "total_time_ms": 670.2777759637684,
      "simple_router_time_ms": 0.12077100109308958,
      "history_format_time_ms": 0.28149806894361973,
      "llm_call_time_ms": 669.697932084091,
      "parse_decision_time_ms": 0.17287000082433224,
      "agent_count": 2,
      "history_size": 10,
      "selected_agent": "code_executor",
      "router_type": "llm"
    },
    {
      "total_time_ms": 710.8299139654264,
      "simple_router_time_ms": 0.10873598512262106,
      "history_format_time_ms": 0.2947109751403332,
      "llm_call_time_ms": 710.2836900157854,
      "parse_decision_time_ms": 0.1384809147566557,
      "agent_count": 2,
      "history_size": 10,
      "selected_agent": "researcher",
      "router_type": "llm"
    },
    {
      "total_time_ms": 975.3469270654023,
      "simple_router_time_ms": 0.0851430231705308,
      "history_format_time_ms": 0.0017030397430062294,
      "llm_call_time_ms": 975.1606771023944,
      "parse_decision_time_ms": 0.09613996371626854,
      "agent_count": 4,
      "history_size": 0,
      "selected_agent": "analyst",
      "router_type": "llm"
    },
    {
      "total_time_ms": 648.3191800070927,
      "simple_router_time_ms": 0.0607810216024518,
      "history_format_time_ms": 0.0012640375643968582,
      "llm_call_time_ms": 648.1412610737607,
      "parse_decision_time_ms": 0.11317897588014603,
      "agent_count": 4,
      "history_size": 0,
      "selected_agent": "analyst",
      "router_type": "llm"
    },
    {
      "total_time_ms": 600.838626967743,
      "simple_router_time_ms": 0.07761595770716667,
      "history_format_time_ms": 0.0017059501260519028,
      "llm_call_time_ms": 600.6365820067003,
      "parse_decision_time_ms": 0.11952209752053022,
      "agent_count": 4,
      "history_size": 0,
      "selected_agent": "researcher",
      "router_type": "llm"
    },
    {
      "total_time_ms": 869.2583660595119,
      "simple_router_time_ms": 0.09760190732777119,
      "history_format_time_ms": 0.0017799902707338333,
      "llm_call_time_ms": 869.0507600549608,
      "parse_decision_time_ms": 0.10538799688220024,
      "agent_count": 4,
      "history_size": 0,
      "selected_agent": "code_executor",
      "router_type": "llm"
    },
    {
      "total_time_ms": 530.8468750445172,