{
  "results": [
    {
      "configuration": "2_agents_0_history",
      "agent_count": 2,
      "history_size": 0,
      "iterations": 5,
      "total_mean": 857.4343885993585,
      "total_median": 759.248637012206,
      "total_p95": 1123.137842048891,
      "total_min": 652.945518027991,
      "total_max": 1123.137842048891,
      "history_format_mean": 0.001505785621702671,
      "llm_call_mean": 857.1971271885559,
      "parse_decision_mean": 0.12769498862326145,
      "success_rate": 1.0,
      "simple_router_rate": 0.0,
      "llm_router_rate": 1.0,
      "meets_total_target": false,
      "meets_llm_target": false,
      "meets_history_target": true
    },
    {
      "configuration": "2_agents_10_history",
      "agent_count": 2,
      "history_size": 10,
      "iterations": 5,
      "total_mean": 929.3306258507073,
      "total_median": 921.1662950692698,
      "total_p95": 1311.8414980126545,
      "total_min": 609.2020790092647,
      "total_max": 1311.8414980126545,
      "history_format_mean": 0.20248559303581715,
      "llm_call_mean": 928.7377376109362,
      "parse_decision_mean": 0.260235951282084,
      "success_rate": 1.0,
      "simple_router_rate": 0.0,
      "llm_router_rate": 1.0,
      "meets_total_target": false,
      "meets_llm_target": false,
      "meets_history_target": true
    },
    {
      "configuration": "4_agents_0_history",
      "agent_count": 4,
      "history_size": 0,
      "iterations": 5,
      "total_mean": 724.9119459651411,
      "total_median": 769.4433549186215,
      "total_p95": 777.0992360310629,
      "total_min": 571.6240709880367,
      "total_max": 777.0992360310629,
      "history_format_mean": 0.0017121899873018265,
      "llm_call_mean": 724.6509358054027,
      "parse_decision_mean": 0.15352864284068346,
      "success_rate": 1.0,
      "simple_router_rate": 0.0,
      "llm_router_rate": 1.0,
      "meets_total_target": false,
      "meets_llm_target": false,
      "meets_history_target": true
    },
    {
      "configuration": "4_agents_10_history",
      "agent_count": 4,
      "history_size": 10,
      "iterations": 5,
      "total_mean": 1157.865932607092,
      "total_median": 712.264294968918,
      "total_p95": 3136.4769759820774,
      "total_min": 555.1629000110552,
      "total_max": 3136.4769759820774,
      "history_format_mean": 0.058878958225250244,
      "llm_call_mean": 1157.5922325719148,
      "parse_decision_mean": 0.13183602131903172,
      "success_rate": 1.0,
      "simple_router_rate": 0.0,
      "llm_router_rate": 1.0,
      "meets_total_target": false,
      "meets_llm_target": false,
      "meets_history_target": true
    }
  ],
  "raw_metrics": [
    {
      "total_time_ms": 1123.137842048891,
      "simple_router_time_ms": 0.1817659940570593,
      "history_format_time_ms": 0.0012740492820739746,
      "llm_call_time_ms": 1122.8437490062788,
      "parse_decision_time_ms": 0.10786799248307943,
      "agent_count": 2,
      "history_size": 0,
      "selected_agent": "code_executor",
      "router_type": "llm"
    },
    {
      "total_time_ms": 1029.4890069635585,
      "simple_router_time_ms": 0.0669719884172082,
      "history_format_time_ms": 0.0014419201761484146,
      "llm_call_time_ms": 1029.3061250122264,
      "parse_decision_time_ms": 0.11026207357645035,
      "agent_count": 2,
      "history_size": 0,
      "selected_agent": "code_executor",
      "router_type": "llm"
    },
    {
      "total_time_ms": 652.945518027991,
      "simple_router_time_ms": 0.07816299330443144,
      "history_format_time_ms": 0.0015880214050412178,
      "llm_call_time_ms": 652.7257160050794,
      "parse_decision_time_ms": 0.13650092296302319,
      "agent_count": 2,
      "history_size": 0,
      "selected_agent": "researcher",
      "router_type": "llm"
    },
    {
      "total_time_ms": 759.248637012206,
      "simple_router_time_ms": 0.09209895506501198,
      "history_format_time_ms": 0.0013819662854075432,
      "llm_call_time_ms": 758.9883519103751,
      "parse_decision_time_ms": 0.16335095278918743,
      "agent_count": 2,
      "history_size": 0,
      "selected_agent": "code_executor",
      "router_type": "llm"
    },
    {
      "total_time_ms": 722.350938944146,
      "simple_router_time_ms": 0.10306609328836203,
      "history_format_time_ms": 0.001842970959842205,
      "llm_call_time_ms": 722.1216940088198,
      "parse_decision_time_ms": 0.12049300130456686,
      "agent_count": 2,
      "history_size": 0,
      "selected_agent": "researcher",
      "router_type": "llm"
    },
    {
      "total_time_ms": 609.2020790092647,
      "simple_router_time_ms": 0.06080605089664459,
      "history_format_time_ms": 0.9948429651558399,
      "llm_call_time_ms": 607.6170130399987,
      "parse_decision_time_ms": 0.5236730212345719,
      "agent_count": 2,
      "history_size": 10,
      "selected_agent": "researcher",
      "router_type": "llm"
    },
    {
      "total_time_ms": 693.1829150998965,
      "simple_router_time_ms": 0.1668049953877926,
      "history_format_time_ms": 0.0070480164140462875,
      "llm_call_time_ms": 692.6647209329531,
      "parse_decision_time_ms": 0.33744797110557556,
      "agent_count": 2,
      "history_size": 10,
      "selected_agent": "researcher",
      "router_type": "llm"
    },
    {
      "total_time_ms": 1111.260342062451,
      "simple_router_time_ms": 0.21420593839138746,
      "history_format_time_ms": 0.005697016604244709,
      "llm_call_time_ms": 1110.8805380063131,
      "parse_decision_time_ms": 0.15483389142900705,
      "agent_count": 2,
      "history_size": 10,
      "selected_agent": "researcher",
      "router_type": "llm"
    },
    {
      "total_time_ms": 1311.8414980126545,
      "simple_router_time_ms": 0.09134202264249325,
      "history_format_time_ms": 0.002746935933828354,
      "llm_call_time_ms": 1311.5983000025153,
      "parse_decision_time_ms": 0.14575396198779345,
      "agent_count": 2,
      "history_size": 10,
      "selected_agent": "researcher",
      "router_type": "llm"
    },
    {
      "total_time_ms": 921.1662950692698,
      "simple_router_time_ms": 0.09357102680951357,
      "history_format_time_ms": 0.002093031071126461,
      "llm_call_time_ms": 920.9281160729006,
      "parse_decision_time_ms": 0.13947091065347195,
      "agent_count": 2,
      "history_size": 10,
      "selected_agent": "researcher",
      "router_type": "llm"
    },
    {
      "total_time_ms": 772.4556219764054,
      "simple_router_time_ms": 0.11155998799949884,
      "history_format_time_ms": 0.0015309778973460197,
      "llm_call_time_ms": 772.1886989893392,
      "parse_decision_time_ms": 0.14995806850492954,
      "agent_count": 4,
      "history_size": 0,
      "selected_agent": "analyst",
      "router_type": "llm"
    },
    {
      "total_time_ms": 733.9374459115788,
      "simple_router_time_ms": 0.10089192073792219,
      "history_format_time_ms": 0.001827022060751915,
      "llm_call_time_ms": 733.6592370411381,
      "parse_decision_time_ms": 0.17117103561758995,
      "agent_count": 4,
      "history_size": 0,
      "selected_agent": "analyst",
      "router_type": "llm"
    },
    {
      "total_time_ms": 777.0992360310629,
      "simple_router_time_ms": 0.10685494635254145,
      "history_format_time_ms": 0.0019279541447758675,
      "llm_call_time_ms": 776.8353699939325,
      "parse_decision_time_ms": 0.1511360751464963,
      "agent_count": 4,
      "history_size": 0,
      "selected_agent": "researcher",
      "router_type": "llm"
    },
    {
      "total_time_ms": 769.4433549186215,
      "simple_router_time_ms": 0.09651901200413704,
      "history_format_time_ms": 0.0014529796317219734,
      "llm_call_time_ms": 769.2027820739895,
      "parse_decision_time_ms": 0.1392490230500698,
      "agent_count": 4,
      "history_size": 0,
      "selected_agent": "code_executor",
      "router_type": "llm"
    },
    {
      "total_time_ms": 571.6240709880367,